bin_index,lower_bound,upper_bound,row_count,mean_predicted_risk,observed_positive_rate,positive_count
0,0.0,0.1,0,,,0
1,0.1,0.2,1,0.1989542841911316,0.0,0
2,0.2,0.30000000000000004,64,0.24338098452426493,0.03125,2
3,0.30000000000000004,0.4,2506,0.36723439840202987,0.39106145251396646,980
4,0.4,0.5,2562,0.45083270678522064,0.4500390320062451,1153
5,0.5,0.6000000000000001,1627,0.5311102029291046,0.45912722802704364,747
6,0.6000000000000001,0.7000000000000001,2,0.6090874075889587,0.0,0
7,0.7000000000000001,0.8,0,,,0
8,0.8,0.9,0,,,0
9,0.9,1.0,0,,,0
