metric,logistic_regression,gradient_boosting,difference_gb_minus_lr
PR-AUC,0.4658888310445576,0.45137514203766316,-0.01451368900689448
ROC-AUC,0.5567976133412507,0.5441074890718789,-0.012690124269371772
Brier Score,0.24402547832454147,0.2441231896662757,0.0000977113417342248
Precision@5%,0.4808259587020649,0.39823008849557523,-0.08259587020648967
Recall@5%,0.05655794587092297,0.04684247050659265,-0.00971547536433032
Precision@10%,0.47858197932053176,0.4505169867060561,-0.02806499261447565
Recall@10%,0.11242192921582235,0.10582928521859819,-0.00659264399722416
Precision@20%,0.49150036954915005,0.4523281596452328,-0.03917220990391725
Recall@20%,0.23074253990284524,0.21235253296322,-0.01839000693962523
