method,bin_index,lower_bound,upper_bound,row_count,mean_predicted_risk,observed_positive_rate,positive_count
RAW,0,0.0,0.1,0,,,0
RAW,1,0.1,0.2,0,,,0
RAW,2,0.2,0.30000000000000004,0,,,0
RAW,3,0.30000000000000004,0.4,2716,0.3735360300856943,0.36855670103092786,1001
RAW,4,0.4,0.5,2517,0.44638340508459484,0.46086611044894715,1160
RAW,5,0.5,0.6000000000000001,1523,0.5338560292694182,0.4701247537754432,716
RAW,6,0.6000000000000001,0.7000000000000001,6,0.6030888557434082,0.8333333333333334,5
RAW,7,0.7000000000000001,0.8,0,,,0
RAW,8,0.8,0.9,0,,,0
RAW,9,0.9,1.0,0,,,0
